Title,URL
"100% Full Blown Redacted",https://www.edfringe.com/tickets/whats-on/100-full-blown-redacted
"116 Grams: A Play to Lose Weight",https://www.edfringe.com/tickets/whats-on/116-grams-a-play-to-lose-weight
"15 Minutes of Shame",https://www.edfringe.com/tickets/whats-on/15-minutes-of-shame
"#BorderlandsComedy",https://www.edfringe.com/tickets/whats-on/borderlandscomedy
"'Anyone Fancy a Bagel?'",https://www.edfringe.com/tickets/whats-on/anyone-fancy-a-bagel
"100 Million Fish in the Aquarium",https://www.edfringe.com/tickets/whats-on/100-million-fish-in-the-aquarium
"100% Scouse Comedy",https://www.edfringe.com/tickets/whats-on/100-scouse-comedy
"4 Better or 4 Worse",https://www.edfringe.com/tickets/whats-on/4-better-or-4-worse
"Ray Bradshaw: Five Years in a Row",https://www.edfringe.com/tickets/whats-on/ray-bradshaw-five-years-in-a-row
